date,problem #,answer
Nov. 14,1609,LURID
Nov. 13,1608,TINGE
Nov. 12,1607,DEUCE
Nov. 11,1606,GIZMO
Nov. 10,1605,TABBY
Nov. 09,1604,FUGUE
Nov. 08,1603,ARISE
Nov. 07,1602,PERIL
Nov. 06,1601,GUISE
Nov. 05,1600,SHORT
Nov. 04,1599,VENUE
Nov. 03,1598,AWOKE
Nov. 02,1597,RABID
Nov. 01,1596,MOTEL
Oct. 31,1595,ABHOR
Oct. 30,1594,LATHE
Oct. 29,1593,GLARE
Oct. 28,1592,HOLLY
Oct. 27,1591,FETID
Oct. 26,1590,PLUMP
Oct. 25,1589,GAUGE
Oct. 24,1588,TUBER
Oct. 23,1587,DRILL
Oct. 22,1586,STUNT
Oct. 21,1585,DETOX
Oct. 20,1584,LIMBO
Oct. 19,1583,IDEAL
Oct. 18,1582,HAVEN
Oct. 17,1581,GROSS
Oct. 16,1580,CATTY
Oct. 15,1579,SPOOF
Oct. 14,1578,FORUM
Oct. 13,1577,BEARD
Oct. 12,1576,WOUND
Oct. 11,1575,STACK
Oct. 10,1574,LEVER
Oct. 09,1573,HARDY
Oct. 08,1572,ANNOY
Oct. 07,1571,NYLON
Oct. 06,1570,AMUSE
Oct. 05,1569,PLANE
Oct. 04,1568,RELAY
Oct. 03,1567,SPASM
Oct. 02,1566,WIDTH
Oct. 01,1565,SPOIL
Sep. 30,1564,GEESE
Sep. 29,1563,CIVIL
Sep. 28,1562,GOOEY
Sep. 27,1561,FRITZ
Sep. 26,1560,DALLY
Sep. 25,1559,DRAPE
Sep. 24,1558,BLUNT
Sep. 23,1557,MOUTH
Sep. 22,1556,QUILL
Sep. 21,1555,COVEN
Sep. 20,1554,DEFER
Sep. 19,1553,LATER
Sep. 18,1552,KNIFE
Sep. 17,1551,TEETH
Sep. 16,1550,LEFTY
Sep. 15,1549,ALONG
Sep. 14,1548,NOISY
Sep. 13,1547,NADIR
Sep. 12,1546,THROB
Sep. 11,1545,CHAIR
Sep. 10,1544,POUTY
Sep. 09,1543,TRICK
Sep. 08,1542,CHIRP
Sep. 07,1541,TENOR
Sep. 06,1540,BULGE
Sep. 05,1539,DRIFT
Sep. 04,1538,BLEND
Sep. 03,1537,FETCH
Sep. 02,1536,MIGHT
Sep. 01,1535,LEAST
Aug. 31,1534,PETAL
Aug. 30,1533,ELATE
Aug. 29,1532,GRAFT
Aug. 28,1531,SPLIT
Aug. 27,1530,TOWER
Aug. 26,1529,ANNEX
Aug. 25,1528,MIRTH
Aug. 24,1527,SPORE
Aug. 23,1526,UNION
Aug. 22,1525,RATTY
Aug. 21,1524,EXTOL
Aug. 20,1523,LLAMA
Aug. 19,1522,ROWDY
Aug. 18,1521,ISSUE
Aug. 17,1520,LOUSY
Aug. 16,1519,MATTE
Aug. 15,1518,LEVEL
Aug. 14,1517,KNELL
Aug. 13,1516,KEFIR
Aug. 12,1515,NOMAD
Aug. 11,1514,SOUTH
Aug. 10,1513,MINTY
Aug. 09,1512,NASAL
Aug. 08,1511,IMBUE
Aug. 07,1510,CORAL
Aug. 06,1509,GROAN
Aug. 05,1508,STORK
Aug. 04,1507,RIGID
Aug. 03,1506,LUMPY
Aug. 02,1505,DAUNT
Aug. 01,1504,BANJO
Jul. 31,1503,FRILL
Jul. 30,1502,ASSAY
Jul. 29,1501,OMEGA
Jul. 28,1500,SAVVY
Jul. 27,1499,WHOLE
Jul. 26,1498,HAUNT
Jul. 25,1497,GOFER
Jul. 24,1496,QUAKE
Jul. 23,1495,WATER
Jul. 22,1494,BURNT
Jul. 21,1493,TIZZY
Jul. 20,1492,BLANK
Jul. 19,1491,SWORD
Jul. 18,1490,LORIS
Jul. 17,1489,MODAL
Jul. 16,1488,NERVY
Jul. 15,1487,FOIST
Jul. 14,1486,UNDID
Jul. 13,1485,GNOME
Jul. 12,1484,EXILE
Jul. 11,1483,BRAND
Jul. 10,1482,JUMPY
Jul. 09,1481,NOVEL
Jul. 08,1480,DREAD
Jul. 07,1479,STILT
Jul. 06,1478,ATRIA
Jul. 05,1477,BALER
Jul. 04,1476,CURVE
Jul. 03,1475,POPPY
Jul. 02,1474,INCUR
Jul. 01,1473,MOLDY
Jun. 30,1472,BLINK
Jun. 29,1471,WITTY
Jun. 28,1470,STUMP
Jun. 27,1469,PLAIN
Jun. 26,1468,OFFER
Jun. 25,1467,COMFY
Jun. 24,1466,ELITE
Jun. 23,1465,ODDLY
Jun. 22,1464,THRUM
Jun. 21,1463,GLADE
Jun. 20,1462,TAUPE
Jun. 19,1461,CURIO
Jun. 18,1460,MUNCH
Jun. 17,1459,PRANK
Jun. 16,1458,PETTY
Jun. 15,1457,QUAIL
Jun. 14,1456,GHOST
Jun. 13,1455,BILGE
Jun. 12,1454,VIXEN
Jun. 11,1453,PLAID
Jun. 10,1452,TAFFY
Jun. 09,1451,BOARD
Jun. 08,1450,LEASE
Jun. 07,1449,REUSE
Jun. 06,1448,EDIFY
Jun. 05,1447,DATUM
Jun. 04,1446,CEASE
Jun. 03,1445,ADMIN
Jun. 02,1444,PREEN
Jun. 01,1443,ROUGH
May. 31,1442,HABIT
May. 30,1441,IDIOM
May. 29,1440,QUASH
May. 28,1439,POLAR
May. 27,1438,SPORT
May. 26,1437,DRONE
May. 25,1436,GRIFT
May. 24,1435,SUEDE
May. 23,1434,SHUCK
May. 22,1433,FOLIO
May. 21,1432,ALARM
May. 20,1431,BORNE
May. 19,1430,PITCH
May. 18,1429,LIVID
May. 17,1428,GROWN
May. 16,1427,FIFTH
May. 15,1426,EAGER
May. 14,1425,BONGO
May. 13,1424,AWARE
May. 12,1423,BICEP
May. 11,1422,DOWEL
May. 10,1421,YEAST
May. 09,1420,TRIPE
May. 08,1419,BALMY
May. 07,1418,MACHO
May. 06,1417,SUITE
May. 05,1416,SHUSH
May. 04,1415,TROUT
May. 03,1414,PATSY
May. 02,1413,WHOSE
May. 01,1412,ADEPT
Apr. 30,1411,IDLER
Apr. 29,1410,BLISS
Apr. 28,1409,DUMMY
Apr. 27,1408,WEEDY
Apr. 26,1407,CLASH
Apr. 25,1406,KNOWN
Apr. 24,1405,GENIE
Apr. 23,1404,OZONE
Apr. 22,1403,ARTSY
Apr. 21,1402,SPATE
Apr. 20,1401,PATCH
Apr. 19,1400,INBOX
Apr. 18,1399,DIRGE
Apr. 17,1398,STOOD
Apr. 16,1397,MORAL
Apr. 15,1396,ASHEN
Apr. 14,1395,CREST
Apr. 13,1394,LAUGH
Apr. 12,1393,NURSE
Apr. 11,1392,ARROW
Apr. 10,1391,TURBO
Apr. 09,1390,WHEAT
Apr. 08,1389,SPARE
Apr. 07,1388,HAZEL
Apr. 06,1387,VILLA
Apr. 05,1386,FOAMY
Apr. 04,1385,KRILL
Apr. 03,1384,SHEAR
Apr. 02,1383,CURSE
Apr. 01,1382,JEWEL
Mar. 31,1381,BOOTY
Mar. 30,1380,QUOTA
Mar. 29,1379,SORRY
Mar. 28,1378,VERSE
Mar. 27,1377,SHEET
Mar. 26,1376,ELBOW
Mar. 25,1375,SHELF
Mar. 24,1374,ANGLE
Mar. 23,1373,DOPEY
Mar. 22,1372,AMBLE
Mar. 21,1371,NUDGE
Mar. 20,1370,BASTE
Mar. 19,1369,SPARK
Mar. 18,1368,TIMER
Mar. 17,1367,LASSO
Mar. 16,1366,STAMP
Mar. 15,1365,LADLE
Mar. 14,1364,PIECE
Mar. 13,1363,CHASE
Mar. 12,1362,MANGO
Mar. 11,1361,TRACK
Mar. 10,1360,SPITE
Mar. 09,1359,GREED
Mar. 08,1358,NAVEL
Mar. 07,1357,TROOP
Mar. 06,1356,ALERT
Mar. 05,1355,SCRUM
Mar. 04,1354,CHECK
Mar. 03,1353,SPEAR
Mar. 02,1352,DEITY
Mar. 01,1351,HOVER
Feb. 28,1350,FUZZY
Feb. 27,1349,LODGE
Feb. 26,1348,AWARD
Feb. 25,1347,DRYER
Feb. 24,1346,GLAND
Feb. 23,1345,OTTER
Feb. 22,1344,CREAM
Feb. 21,1343,CLOVE
Feb. 20,1342,ROACH
Feb. 19,1341,MADLY
Feb. 18,1340,INDIE
Feb. 17,1339,TRAIL
Feb. 16,1338,SUAVE
Feb. 15,1337,CROOK
Feb. 14,1336,DITTY
Feb. 13,1335,RUMBA
Feb. 12,1334,RAPID
Feb. 11,1333,SCORE
Feb. 10,1332,GOODY
Feb. 09,1331,BONUS
Feb. 08,1330,STEEP
Feb. 07,1329,SWATH
Feb. 06,1328,PUPIL
Feb. 05,1327,PEDAL
Feb. 04,1326,TOOTH
Feb. 03,1325,REVUE
Feb. 02,1324,CHORE
Feb. 01,1323,RIVET
Jan. 31,1322,TOAST
Jan. 30,1321,FALSE
Jan. 29,1320,UDDER
Jan. 28,1319,FEVER
Jan. 27,1318,SHUNT
Jan. 26,1317,SUNNY
Jan. 25,1316,CRISP
Jan. 24,1315,CREPE
Jan. 23,1314,UPPER
Jan. 22,1313,REACH
Jan. 21,1312,ICING
Jan. 20,1311,SQUID
Jan. 19,1310,ROWER
Jan. 18,1309,SILLY
Jan. 17,1308,PROSE
Jan. 16,1307,FLINT
Jan. 15,1306,KNACK
Jan. 14,1305,FANCY
Jan. 13,1304,CLOAK
Jan. 12,1303,TOTAL
Jan. 11,1302,DINGY
Jan. 10,1301,CRAWL
Jan. 09,1300,WAFER
Jan. 08,1299,DRAFT
Jan. 07,1298,ATLAS
Jan. 06,1297,SPRIG
Jan. 05,1296,CYBER
Jan. 04,1295,RELAX
Jan. 03,1294,CHEAP
Jan. 02,1293,CHOSE
Jan. 01,1292,NERVE
Dec. 31,1291,LEMUR
Dec. 30,1290,STARE
Dec. 29,1289,MAMBO
Dec. 28,1288,DECRY
Dec. 27,1287,GRAIN
Dec. 26,1286,AFFIX
Dec. 25,1285,SHARE
Dec. 24,1284,EAGLE
Dec. 23,1283,SAUNA
Dec. 22,1282,BRAWN
Dec. 21,1281,BLADE
Dec. 20,1280,FLASH
Dec. 19,1279,STRAY
Dec. 18,1278,HEFTY
Dec. 17,1277,SCOWL
Dec. 16,1276,BOAST
Dec. 15,1275,FUNKY
Dec. 14,1274,DROOL
Dec. 13,1273,BOXER
Dec. 12,1272,VYING
Dec. 11,1271,PLUMB
Dec. 10,1270,PATIO
Dec. 09,1269,FLUNG
Dec. 08,1268,HYENA
Dec. 07,1267,HILLY
Dec. 06,1266,SHOVE
Dec. 05,1265,ENDOW
Dec. 04,1264,CRYPT
Dec. 03,1263,SHAKY
Dec. 02,1262,GUILE
Dec. 01,1261,MAUVE
Nov. 30,1260,DOGMA
Nov. 29,1259,HIPPO
Nov. 28,1258,CHOCK
Nov. 27,1257,SLANG
Nov. 26,1256,WITCH
Nov. 25,1255,BROWN
Nov. 24,1254,TWIST
Nov. 23,1253,JELLY
Nov. 22,1252,PEARL
Nov. 21,1251,SPINE
Nov. 20,1250,NICHE
Nov. 19,1249,GOING
Nov. 18,1248,FRAIL
Nov. 17,1247,TALLY
Nov. 16,1246,VISOR
Nov. 15,1245,TACKY
Nov. 14,1244,UVULA
Nov. 13,1243,PRIMP
Nov. 12,1242,FLOWN
Nov. 11,1241,STOIC
Nov. 10,1240,INNER
Nov. 09,1239,SWELL
Nov. 08,1238,READY
Nov. 07,1237,EVENT
Nov. 06,1236,TRULY
Nov. 05,1235,OCTET
Nov. 04,1234,VINYL
Nov. 03,1233,BLAZE
Nov. 02,1232,SNOOP
Nov. 01,1231,SIXTH
Oct. 31,1230,WEIRD
Oct. 30,1229,EASEL
Oct. 29,1228,TUNIC
Oct. 28,1227,BAWDY
Oct. 27,1226,SANDY
Oct. 26,1225,WREAK
Oct. 25,1224,FROWN
Oct. 24,1223,BOSSY
Oct. 23,1222,GOOFY
Oct. 22,1221,SHOUT
Oct. 21,1220,SPOON
Oct. 20,1219,DICEY
Oct. 19,1218,FIBER
Oct. 18,1217,STINT
Oct. 17,1216,HALVE
Oct. 16,1215,GRANT
Oct. 15,1214,CORER
Oct. 14,1213,GAMUT
Oct. 13,1212,PRONE
Oct. 12,1211,STAIN
Oct. 11,1210,GUSTY
Oct. 10,1209,CARVE
Oct. 09,1208,MOMMY
Oct. 08,1207,JOINT
Oct. 07,1206,FLOUR
Oct. 06,1205,LAGER
Oct. 05,1204,MINER
Oct. 04,1203,TITLE
Oct. 03,1202,WAGON
Oct. 02,1201,SHELL
Oct. 01,1200,MODEM
Sep. 30,1199,CLOUD
Sep. 29,1198,RIDER
Sep. 28,1197,BRAIN
Sep. 27,1196,FAITH
Sep. 26,1195,THANK
Sep. 25,1194,TORCH
Sep. 24,1193,HANDY
Sep. 23,1192,STEAM
Sep. 22,1191,TEACH
Sep. 21,1190,SEVEN
Sep. 20,1189,SMOKE
Sep. 19,1188,PRESS
Sep. 18,1187,FULLY
Sep. 17,1186,BEAUT
Sep. 16,1185,HONEY
Sep. 15,1184,RECUR
Sep. 14,1183,BROAD
Sep. 13,1182,HARSH
Sep. 12,1181,BRASS
Sep. 11,1180,AISLE
Sep. 10,1179,REBEL
Sep. 09,1178,DEBIT
Sep. 08,1177,DRAWN
Sep. 07,1176,OWNER
Sep. 06,1175,RERUN
Sep. 05,1174,WIDEN
Sep. 04,1173,STERN
Sep. 03,1172,FAINT
Sep. 02,1171,CAMEL
Sep. 01,1170,MUSHY
Aug. 31,1169,SPOUT
Aug. 30,1168,KNAVE
Aug. 29,1167,FLUNK
Aug. 28,1166,LITHE
Aug. 27,1165,CROWN
Aug. 26,1164,STAKE
Aug. 25,1163,SKATE
Aug. 24,1162,FILET
Aug. 23,1161,LEECH
Aug. 22,1160,BRUTE
Aug. 21,1159,MULCH
Aug. 20,1158,DELAY
Aug. 19,1157,METER
Aug. 18,1156,LANKY
Aug. 17,1155,STORM
Aug. 16,1154,BRACE
Aug. 15,1153,ACORN
Aug. 14,1152,SHORE
Aug. 13,1151,NEIGH
Aug. 12,1150,SKIFF
Aug. 11,1149,SCONE
Aug. 10,1148,MEDIC
Aug. 09,1147,OUNCE
Aug. 08,1146,SAUCY
Aug. 07,1145,MACAW
Aug. 06,1144,ANVIL
Aug. 05,1143,ENSUE
Aug. 04,1142,LOWER
Aug. 03,1141,SCALE
Aug. 02,1140,FLAKE
Aug. 01,1139,CHALK
Jul. 31,1138,PENNE
Jul. 30,1137,FERAL
Jul. 29,1136,SUPER
Jul. 28,1135,SMOCK
Jul. 27,1134,JUICE
Jul. 26,1133,AWASH
Jul. 25,1132,PORCH
Jul. 24,1131,FORTE
Jul. 23,1130,PRONG
Jul. 22,1129,CADET
Jul. 21,1128,SPECK
Jul. 20,1127,SHAFT
Jul. 19,1126,REFER
Jul. 18,1125,NERDY
Jul. 17,1124,QUITE
Jul. 16,1123,DECOY
Jul. 15,1122,SWOON
Jul. 14,1121,VIDEO
Jul. 13,1120,ENACT
Jul. 12,1119,JIFFY
Jul. 11,1118,CAMEO
Jul. 10,1117,GAUNT
Jul. 09,1116,BLARE
Jul. 08,1115,SHAPE
Jul. 07,1114,CANON
Jul. 06,1113,SCOFF
Jul. 05,1112,CRUSH
Jul. 04,1111,DEBUT
Jul. 03,1110,THIGH
Jul. 02,1109,INLAY
Jul. 01,1108,ADAGE
Jun. 30,1107,BUDDY
Jun. 29,1106,ZEBRA
Jun. 28,1105,DROVE
Jun. 27,1104,ORDER
Jun. 26,1103,KNEAD
Jun. 25,1102,SAVOR
Jun. 24,1101,DOLLY
Jun. 23,1100,BUGLE
Jun. 22,1099,EDICT
Jun. 21,1098,PAINT
Jun. 20,1097,SCENT
Jun. 19,1096,TERSE
Jun. 18,1095,COVER
Jun. 17,1094,PRIOR
Jun. 16,1093,GRIND
Jun. 15,1092,PROUD
Jun. 14,1091,VAULT
Jun. 13,1090,ANGST
Jun. 12,1089,DETER
Jun. 11,1088,SWUNG
Jun. 10,1087,MANGA
Jun. 09,1086,CROWD
Jun. 08,1085,HENCE
Jun. 07,1084,MELON
Jun. 06,1083,ETHER
Jun. 05,1082,ORGAN
Jun. 04,1081,GROOM
Jun. 03,1080,STARK
Jun. 02,1079,BRAVO
Jun. 01,1078,BASIN
May. 31,1077,CHAOS
May. 30,1076,GUMMY
May. 29,1075,PAPAL
May. 28,1074,MINUS
May. 27,1073,SKIER
May. 26,1072,BEVEL
May. 25,1071,TITAN
May. 24,1070,GLIDE
May. 23,1069,SWISH
May. 22,1068,EXALT
May. 21,1067,DINGO
May. 20,1066,NICER
May. 19,1065,HITCH
May. 18,1064,BRINY
May. 17,1063,TUTOR
May. 16,1062,STALL
May. 15,1061,PINCH
May. 14,1060,AMASS
May. 13,1059,CUMIN
May. 12,1058,OUTER
May. 11,1057,TIDAL
May. 10,1056,MEDIA
May. 09,1055,JERKY
May. 08,1054,PIOUS
May. 07,1053,MUSTY
May. 06,1052,SHAVE
May. 05,1051,DECAL
May. 04,1050,VALUE
May. 03,1049,EBONY
May. 02,1048,SLICE
May. 01,1047,DIARY
Apr. 30,1046,PROWL
Apr. 29,1045,CRAFT
Apr. 28,1044,PRUNE
Apr. 27,1043,GLEAM
Apr. 26,1042,VAPID
Apr. 25,1041,INTRO
Apr. 24,1040,OVERT
Apr. 23,1039,ROVER
Apr. 22,1038,LASER
Apr. 21,1037,JOLLY
Apr. 20,1036,LUCID
Apr. 19,1035,RAISE
Apr. 18,1034,FACET
Apr. 17,1033,TITHE
Apr. 16,1032,SHANK
Apr. 15,1031,EQUIP
Apr. 14,1030,BLIMP
Apr. 13,1029,STEEL
Apr. 12,1028,WHINY
Apr. 11,1027,LOUSE
Apr. 10,1026,BROTH
Apr. 09,1025,MERGE
Apr. 08,1024,BREED
Apr. 07,1023,VOILA
Apr. 06,1022,FINCH
Apr. 05,1021,WRIST
Apr. 04,1020,CLIMB
Apr. 03,1019,PLAIT
Apr. 02,1018,SERUM
Apr. 01,1017,FROND
Mar. 31,1016,TABOO
Mar. 30,1015,FORCE
Mar. 29,1014,REALM
Mar. 28,1013,SPEAK
Mar. 27,1012,STUNG
Mar. 26,1011,MAYOR
Mar. 25,1010,SALLY
Mar. 24,1009,TOWEL
Mar. 23,1008,RISEN
Mar. 22,1007,DECAY
Mar. 21,1006,SHADE
Mar. 20,1005,LINGO
Mar. 19,1004,ABIDE
Mar. 18,1003,SPELT
Mar. 17,1002,SNORT
Mar. 16,1001,TOXIN
Mar. 15,1000,ERUPT
Mar. 14,999,SINCE
Mar. 13,998,LOCAL
Mar. 12,997,HEAVE
Mar. 11,996,PESKY
Mar. 10,995,GRASP
Mar. 09,994,CHEER
Mar. 08,993,EARLY
Mar. 07,992,CLONE
Mar. 06,991,TEARY
Mar. 05,990,HUNCH
Mar. 04,989,FLAME
Mar. 03,988,STATE
Mar. 02,987,URBAN
Mar. 01,986,FORTY
Feb. 29,985,IMAGE
Feb. 28,984,DEVIL
Feb. 27,983,SENSE
Feb. 26,982,OFTEN
Feb. 25,981,SMITH
Feb. 24,980,PIPER
Feb. 23,979,APART
Feb. 22,978,HEAVY
Feb. 21,977,BUILD
Feb. 20,976,MATCH
Feb. 19,975,PRICE
Feb. 18,974,RIDGE
Feb. 17,973,PSALM
Feb. 16,972,STASH
Feb. 15,971,ASCOT
Feb. 14,970,TALON
Feb. 13,969,SCRAM
Feb. 12,968,PASTA
Feb. 11,967,NEVER
Feb. 10,966,FRIED
Feb. 09,965,STIFF
Feb. 08,964,PLACE
Feb. 07,963,AFTER
Feb. 06,962,WHICH
Feb. 05,961,REPEL
Feb. 04,960,VERGE
Feb. 03,959,MICRO
Feb. 02,958,CLEFT
Feb. 01,957,ALIVE
Jan. 31,956,BULKY
Jan. 30,955,EXPEL
Jan. 29,954,LEGGY
Jan. 28,953,EMBER
Jan. 27,952,SNAKE
Jan. 26,951,ALOOF
Jan. 25,950,BLOCK
Jan. 24,949,RELIC
Jan. 23,948,STILL
Jan. 22,947,TWEAK
Jan. 21,946,NORTH
Jan. 20,945,LARGE
Jan. 19,944,THING
Jan. 18,943,STOLE
Jan. 17,942,COURT
Jan. 16,941,BLOND
Jan. 15,940,LUNCH
Jan. 14,939,DOING
Jan. 13,938,HEARD
Jan. 12,937,ROUTE
Jan. 11,936,BRIEF
Jan. 10,935,THREW
Jan. 09,934,LINER
Jan. 08,933,FINAL
Jan. 07,932,STONY
Jan. 06,931,CABLE
Jan. 05,930,LUNGE
Jan. 04,929,SCANT
Jan. 03,928,TWIRL
Jan. 02,927,AGING
Jan. 01,926,MURAL
Dec. 31,925,SALTY
Dec. 30,924,THREE
Dec. 29,923,CHILD
Dec. 28,922,LEARN
Dec. 27,921,DAISY
Dec. 26,920,PHONE
Dec. 25,919,EVOKE
Dec. 24,918,GRACE
Dec. 23,917,SLOPE
Dec. 22,916,TOUCH
Dec. 21,915,BUILT
Dec. 20,914,SMALL
Dec. 19,913,TABLE
Dec. 18,912,FUNNY
Dec. 17,911,BACON
Dec. 16,910,GLOBE
Dec. 15,909,TOPIC
Dec. 14,908,WOULD
Dec. 13,907,SPENT
Dec. 12,906,THESE
Dec. 11,905,HOUSE
Dec. 10,904,CHAIN
Dec. 09,903,SHIFT
Dec. 08,902,SHARP
Dec. 07,901,SLEEP
Dec. 06,900,WOMAN
Dec. 05,899,YOUNG
Dec. 04,898,WORST
Dec. 03,897,ADAPT
Dec. 02,896,GENRE
Dec. 01,895,TAKEN
Nov. 30,894,RESIN
Nov. 29,893,SUSHI
Nov. 28,892,SCOPE
Nov. 27,891,TAWNY
Nov. 26,890,SOLID
Nov. 25,889,GUIDE
Nov. 24,888,THROW
Nov. 23,887,QUEEN
Nov. 22,886,PIXEL
Nov. 21,885,PIANO
Nov. 20,884,CANDY
Nov. 19,883,QUEUE
Nov. 18,882,THINK
Nov. 17,881,TARDY
Nov. 16,880,TRUST
Nov. 15,879,SIGHT
Nov. 14,878,SASSY
Nov. 13,877,GREEN
Nov. 12,876,MEANT
Nov. 11,875,ACTOR
Nov. 10,874,LEASH
Nov. 09,873,GLAZE
Nov. 08,872,NINJA
Nov. 07,871,LIMIT
Nov. 06,870,TRADE
Nov. 05,869,FLARE
Nov. 04,868,MANIA
Nov. 03,867,ARDOR
Nov. 02,866,UNTIL
Nov. 01,865,NOISE
Oct. 31,864,BLEAK
Oct. 30,863,GRAIL
Oct. 29,862,PHONY
Oct. 28,861,MASON
Oct. 27,860,NOBLE
Oct. 26,859,PIQUE
Oct. 25,858,RETRY
Oct. 24,857,CAUSE
Oct. 23,856,TEMPO
Oct. 22,855,GIVEN
Oct. 21,854,SMIRK
Oct. 20,853,OCCUR
Oct. 19,852,SPLAT
Oct. 18,851,MERCY
Oct. 17,850,ADULT
Oct. 16,849,GRAPH
Oct. 15,848,LEAKY
Oct. 14,847,AGENT
Oct. 13,846,UNCLE
Oct. 12,845,KNELT
Oct. 11,844,SKUNK
Oct. 10,843,SNAIL
Oct. 09,842,TRUTH
Oct. 08,841,BINGE
Oct. 07,840,VIOLA
Oct. 06,839,CHIME
Oct. 05,838,BUNCH
Oct. 04,837,SPURT
Oct. 03,836,WHILE
Oct. 02,835,MERRY
Oct. 01,834,BERET
Sep. 30,833,DADDY
Sep. 29,832,AZURE
Sep. 28,831,COACH
Sep. 27,830,SMILE
Sep. 26,829,LOYAL
Sep. 25,828,ROCKY
Sep. 24,827,RIGHT
Sep. 23,826,CAROL
Sep. 22,825,BRUSH
Sep. 21,824,STONE
Sep. 20,823,SNARE
Sep. 19,822,CLOSE
Sep. 18,821,FRANK
Sep. 17,820,MUSIC
Sep. 16,819,ANGEL
Sep. 15,818,EXERT
Sep. 14,817,RAYON
Sep. 13,816,CLEAR
Sep. 12,815,WHISK
Sep. 11,814,OLDER
Sep. 10,813,QUOTE
Sep. 09,812,LUCKY
Sep. 08,811,ROUSE
Sep. 07,810,DWELL
Sep. 06,809,GNASH
Sep. 05,808,BIRCH
Sep. 04,807,GIDDY
Sep. 03,806,AWAIT
Sep. 02,805,ONION
Sep. 01,804,SPACE
Aug. 31,803,BRIDE
Aug. 30,802,AUDIO
Aug. 29,801,CAPER
Aug. 28,800,WRITE
Aug. 27,799,PEACE
Aug. 26,798,CHOIR
Aug. 25,797,OCEAN
Aug. 24,796,WORDY
Aug. 23,795,VERVE
Aug. 22,794,SPICE
Aug. 21,793,BEACH
Aug. 20,792,QUEST
Aug. 19,791,MAGMA
Aug. 18,790,EXACT
Aug. 17,789,AMISS
Aug. 16,788,SCRUB
Aug. 15,787,INDEX
Aug. 14,786,SNAKY
Aug. 13,785,WRATH
Aug. 12,784,QUICK
Aug. 11,783,HELLO
Aug. 10,782,EMPTY
Aug. 09,781,LOVER
Aug. 08,780,BULLY
Aug. 07,779,BROOK
Aug. 06,778,POLYP
Aug. 05,777,ANODE
Aug. 04,776,CHART
Aug. 03,775,PARTY
Aug. 02,774,BEGET
Aug. 01,773,TENTH
Jul. 31,772,STYLE
Jul. 30,771,BATHE
Jul. 29,770,CURLY
Jul. 28,769,ETHOS
Jul. 27,768,DISCO
Jul. 26,767,HEART
Jul. 25,766,WHEEL
Jul. 24,765,HOBBY
Jul. 23,764,WHALE
Jul. 22,763,FROZE
Jul. 21,762,BURLY
Jul. 20,761,FLANK
Jul. 19,760,TONIC
Jul. 18,759,FLYER
Jul. 17,758,DROOP
Jul. 16,757,TOPAZ
Jul. 15,756,CRONE
Jul. 14,755,FIEND
Jul. 13,754,BARGE
Jul. 12,753,WHIRL
Jul. 11,752,EARTH
Jul. 10,751,FOLLY
Jul. 09,750,ENTER
Jul. 08,749,COWER
Jul. 07,748,DONUT
Jul. 06,747,WINDY
Jul. 05,746,VENOM
Jul. 04,745,IRATE
Jul. 03,744,HOTEL
Jul. 02,743,MOSSY
Jul. 01,742,BLEEP
Jun. 30,741,STRAW
Jun. 29,740,DINER
Jun. 28,739,TRACT
Jun. 27,738,ABOUT
Jun. 26,737,GUEST
Jun. 25,736,RODEO
Jun. 24,735,GRAND
Jun. 23,734,COVET
Jun. 22,733,TASTE
Jun. 21,732,CRANE
Jun. 20,731,FROST
Jun. 19,730,KAZOO
Jun. 18,729,SHYLY
Jun. 17,728,RANCH
Jun. 16,727,STRAP
Jun. 15,726,MAYBE
Jun. 14,725,CRIME
Jun. 13,724,PLUNK
Jun. 12,723,WRONG
Jun. 11,722,GUARD
Jun. 10,721,AGAIN
Jun. 09,720,BALSA
Jun. 08,719,CRUMB
Jun. 07,718,HATER
Jun. 06,717,SCOUT
Jun. 05,716,ENNUI
Jun. 04,715,BEAST
Jun. 03,714,NANNY
Jun. 02,713,HUMID
Jun. 01,712,JAZZY
May. 31,711,AGILE
May. 30,710,KNEEL
May. 29,709,MOUSE
May. 28,708,SKIMP
May. 27,707,RAMEN
May. 26,706,SWINE
May. 25,705,BAGEL
May. 24,704,UTTER
May. 23,703,CLERK
May. 22,702,IGLOO
May. 21,701,BRASH
May. 20,700,FLASK
May. 19,699,GRIEF
May. 18,698,SHORN
May. 17,697,PLANK
May. 16,696,LATTE
May. 15,695,CANOE
May. 14,694,SCARF
May. 13,693,ACRID
May. 12,692,SNACK
May. 11,691,BROOM
May. 10,690,ETHIC
May. 09,689,COCOA
May. 08,688,AGLOW
May. 07,687,GHOUL
May. 06,686,ANGER
May. 05,685,BELOW
May. 04,684,GUPPY
May. 03,683,HORDE
May. 02,682,SULKY
May. 01,681,RANGE
Apr. 30,680,PLAZA
Apr. 29,679,CEDAR
Apr. 28,678,CIRCA
Apr. 27,677,LOGIC
Apr. 26,676,METRO
Apr. 25,675,JOKER
Apr. 24,674,DITTO
Apr. 23,673,UNZIP
Apr. 22,672,BROKE
Apr. 21,671,KAYAK
Apr. 20,670,PLATE
Apr. 19,669,THUMP
Apr. 18,668,HOUND
Apr. 17,667,WHIFF
Apr. 16,666,DWELT
Apr. 15,665,AGONY
Apr. 14,664,THIEF
Apr. 13,663,CARAT
Apr. 12,662,BORAX
Apr. 11,661,QUALM
Apr. 10,660,UNDER
Apr. 09,659,SNAFU
Apr. 08,658,LEDGE
Apr. 07,657,LOCUS
Apr. 06,656,LEAFY
Apr. 05,655,SMASH
Apr. 04,654,RATIO
Apr. 03,653,FLORA
Apr. 02,652,STOCK
Apr. 01,651,MARCH
Mar. 31,650,EVERY
Mar. 30,649,BREAD
Mar. 29,648,BESET
Mar. 28,647,HURRY
Mar. 27,646,GUANO
Mar. 26,645,UNTIE
Mar. 25,644,VOTER
Mar. 24,643,GROUT
Mar. 23,642,STAID
Mar. 22,641,DUVET
Mar. 21,640,TOUGH
Mar. 20,639,GLOVE
Mar. 19,638,CREDO
Mar. 18,637,YACHT
Mar. 17,636,MEALY
Mar. 16,635,CIDER
Mar. 15,634,SWEEP
Mar. 14,633,SURLY
Mar. 13,632,BLAME
Mar. 12,631,BIRTH
Mar. 11,630,EMAIL
Mar. 10,629,REVEL
Mar. 09,628,WHERE
Mar. 08,627,REGAL
Mar. 07,626,HORSE
Mar. 06,625,PINKY
Mar. 05,624,TOXIC
Mar. 04,623,TREND
Mar. 03,622,SQUAT
Mar. 02,621,ABOVE
Mar. 01,620,MOOSE
Feb. 28,619,POLKA
Feb. 27,618,WORSE
Feb. 26,617,SYRUP
Feb. 25,616,FIFTY
Feb. 24,615,ARBOR
Feb. 23,614,VAGUE
Feb. 22,613,RIPER
Feb. 21,612,RUDDY
Feb. 20,611,SWEAT
Feb. 19,610,KIOSK
Feb. 18,609,AVAIL
Feb. 17,608,CACHE
Feb. 16,607,MAGIC
Feb. 15,606,SALSA
Feb. 14,605,SOUND
Feb. 13,604,USAGE
Feb. 12,603,GIANT
Feb. 11,602,DEBUG
Feb. 10,601,HEADY
Feb. 09,600,STAGE
Feb. 08,599,FLAIL
Feb. 07,598,APPLE
Feb. 06,597,NINTH
Feb. 05,596,DANCE
Feb. 04,595,UNLIT
Feb. 03,594,TASTY
Feb. 02,593,SHIRK
Feb. 01,592,SCOLD
Jan. 31,591,CROSS
Jan. 30,590,CRAVE
Jan. 29,589,FISHY
Jan. 28,588,FLIRT
Jan. 27,587,WORRY
Jan. 26,586,BEEFY
Jan. 25,585,MAIZE
Jan. 24,584,COUNT
Jan. 23,583,ELUDE
Jan. 22,582,MATEY
Jan. 21,581,BLURB
Jan. 20,580,ALTER
Jan. 19,579,MUCKY
Jan. 18,578,CHARD
Jan. 17,577,ADOPT
Jan. 16,576,FROCK
Jan. 15,575,SPIRE
Jan. 14,574,KOALA
Jan. 13,573,HUMAN
Jan. 12,572,LEAPT
Jan. 11,571,SEDAN
Jan. 10,570,GRIMY
Jan. 09,569,PIXIE
Jan. 08,568,OPERA
Jan. 07,567,LEMON
Jan. 06,566,BELIE
Jan. 05,565,SLEEK
Jan. 04,564,LAYER
Jan. 03,563,ANTIC
Jan. 02,562,SKIRT
Jan. 01,561,WHINE
Dec. 31,560,MANLY
Dec. 30,559,MOLAR
Dec. 29,558,HAVOC
Dec. 28,557,IMPEL
Dec. 27,556,CONDO
Dec. 26,555,JUDGE
Dec. 25,554,EXTRA
Dec. 24,553,POISE
Dec. 23,552,AORTA
Dec. 22,551,EXCEL
Dec. 21,550,LUNAR
Dec. 20,549,THIRD
Dec. 19,548,SLATE
Dec. 18,547,TAPER
Dec. 17,546,CHORD
Dec. 16,545,PROBE
Dec. 15,544,RIVAL
Dec. 14,543,USUAL
Dec. 13,542,SPOKE
Dec. 12,541,APPLY
Dec. 11,540,NAIVE
Dec. 10,539,KNOCK
Dec. 09,538,BRAID
Dec. 08,537,INFER
Dec. 07,536,JOUST
Dec. 06,535,AMBER
Dec. 05,534,WOKEN
Dec. 04,533,ADORE
Dec. 03,532,TORSO
Dec. 02,531,CHAFE
Dec. 01,530,EJECT
Nov. 30,529,STUDY
Nov. 29,528,UNDUE
Nov. 28,527,TEPID
Nov. 27,526,HAPPY
Nov. 26,525,CLEAN
Nov. 25,524,ITCHY
Nov. 24,523,FEAST
Nov. 23,522,DRIVE
Nov. 22,521,PRIME
Nov. 21,520,AXIOM
Nov. 20,519,BRAVE
Nov. 19,518,AVERT
Nov. 18,517,GLYPH
Nov. 17,516,THERE
Nov. 16,515,BAKER
Nov. 15,514,SNARL
Nov. 14,513,MAPLE
Nov. 13,512,INANE
Nov. 12,511,VALET
Nov. 11,510,MEDAL
Nov. 10,509,UNITE
Nov. 09,508,RAINY
Nov. 08,507,SPELL
Nov. 07,506,BEGIN
Nov. 06,505,STALE
Nov. 05,504,DREAM
Nov. 04,503,PHOTO
Nov. 03,502,ALOUD
Nov. 02,501,INEPT
Nov. 01,500,PINEY
Oct. 31,499,APTLY
Oct. 30,498,WALTZ
Oct. 29,497,LIBEL
Oct. 28,496,SNEAK
Oct. 27,495,CARRY
Oct. 26,494,FLOUT
Oct. 25,493,FOGGY
Oct. 24,492,FAULT
Oct. 23,491,MUMMY
Oct. 22,490,SPIEL
Oct. 21,489,GROVE
Oct. 20,488,DENIM
Oct. 19,487,QUIRK
Oct. 18,486,EXIST
Oct. 17,485,STEIN
Oct. 16,484,SPADE
Oct. 15,483,CATCH
Oct. 14,482,FLOOR
Oct. 13,481,EQUAL
Oct. 12,480,IONIC
Oct. 11,479,VALID
Oct. 10,478,ENJOY
Oct. 09,477,HOWDY
Oct. 08,476,VIGOR
Oct. 07,475,DANDY
Oct. 06,474,SLOTH
Oct. 05,473,MARSH
Oct. 04,472,BOUGH
Oct. 03,471,STING
Oct. 02,470,TWINE
Oct. 01,469,LEAVE
Sep. 30,468,SCORN
Sep. 29,467,SCALD
Sep. 28,466,USURP
Sep. 27,465,SOGGY
Sep. 26,464,BRISK
Sep. 25,463,ADMIT
Sep. 24,462,GRATE
Sep. 23,461,GLORY
Sep. 22,460,SAINT
Sep. 21,459,RECAP
Sep. 20,458,ALIKE
Sep. 19,457,TRICE
Sep. 18,456,STICK
Sep. 17,455,CHUTE
Sep. 16,454,PARER
Sep. 15,453,DOUBT
Sep. 14,452,THYME
Sep. 13,451,ALPHA
Sep. 12,450,BOOZE
Sep. 11,449,TIBIA
Sep. 10,448,LOFTY
Sep. 09,447,THEME
Sep. 08,446,CLASS
Sep. 07,445,LEERY
Sep. 06,444,TAUNT
Sep. 05,443,WHOOP
Sep. 04,442,INTER
Sep. 03,441,GULLY
Sep. 02,440,CHARM
Sep. 01,439,FUNGI
Aug. 31,438,PRIZE
Aug. 30,437,ONSET
Aug. 29,436,CHIEF
Aug. 28,435,GAUZE
Aug. 27,434,RUDER
Aug. 26,433,IRONY
Aug. 25,432,CLOWN
Aug. 24,431,NEEDY
Aug. 23,430,WOVEN
Aug. 22,429,MERIT
Aug. 21,428,WASTE
Aug. 20,427,TREAT
Aug. 19,426,SHRUG
Aug. 18,425,TWANG
Aug. 17,424,TWICE
Aug. 16,423,GRUEL
Aug. 15,422,POKER
Aug. 14,421,KHAKI
Aug. 13,420,HUNKY
Aug. 12,419,LABEL
Aug. 11,418,GLEAN
Aug. 10,417,CLING
Aug. 09,416,PATTY
Aug. 08,415,UNFIT
Aug. 07,414,SMEAR
Aug. 06,413,ALIEN
Aug. 05,412,BUGGY
Aug. 04,411,RHYME
Aug. 03,410,YOUTH
Aug. 02,409,COYLY
Aug. 01,408,QUART
Jul. 31,407,CRAMP
Jul. 30,406,BLUFF
Jul. 29,405,UPSET
Jul. 28,404,STOMP
Jul. 27,403,MOTTO
Jul. 26,402,CINCH
Jul. 25,401,ELOPE
Jul. 24,400,POWER
Jul. 23,399,MIDGE
Jul. 22,398,TRYST
Jul. 21,397,APHID
Jul. 20,396,TRITE
Jul. 19,395,ANGRY
Jul. 18,394,FLOCK
Jul. 17,393,WACKY
Jul. 16,392,ROOMY
Jul. 15,391,WEDGE
Jul. 14,390,LIVER
Jul. 13,389,BLAND
Jul. 12,388,NIGHT
Jul. 11,387,MADAM
Jul. 10,386,BERTH
Jul. 09,385,STEAD
Jul. 08,384,VOICE
Jul. 07,383,AGAPE
Jul. 06,382,FLUFF
Jul. 05,381,FIELD
Jul. 04,380,SEVER
Jul. 03,379,LILAC
Jul. 02,378,EGRET
Jul. 01,377,PINTO
Jun. 30,376,HUTCH
Jun. 29,375,GAWKY
Jun. 28,374,DROLL
Jun. 27,373,RETRO
Jun. 26,372,RUSTY
Jun. 25,371,BEADY
Jun. 24,370,SMITE
Jun. 23,369,BRINK
Jun. 22,368,AWFUL
Jun. 21,367,GLOAT
Jun. 20,366,INPUT
Jun. 19,365,LOSER
Jun. 18,364,CACAO
Jun. 17,363,BLOWN
Jun. 16,362,APRON
Jun. 15,361,PRIMO
Jun. 14,360,ATONE
Jun. 13,359,DONOR
Jun. 12,358,FLOAT
Jun. 11,357,GOOSE
Jun. 10,356,PIETY
Jun. 09,355,GIRTH
Jun. 08,354,TRAIT
Jun. 07,353,FLOOD
Jun. 06,352,GLOOM
Jun. 05,351,DEPTH
Jun. 04,350,FROTH
Jun. 03,349,PHASE
Jun. 02,348,SHOWY
Jun. 01,347,CREAK
May. 31,346,MANOR
May. 30,345,ATOLL
May. 29,344,BAYOU
May. 28,343,CREPT
May. 27,342,TIARA
May. 26,341,ASSET
May. 25,340,VOUCH
May. 24,339,ALBUM
May. 23,338,HINGE
May. 22,337,MONEY
May. 21,336,SCRAP
May. 20,335,GAMER
May. 19,334,GLASS
May. 18,333,SCOUR
May. 17,332,BEING
May. 16,331,DELVE
May. 15,330,YIELD
May. 14,329,METAL
May. 13,328,TIPSY
May. 12,327,SLUNG
May. 11,326,FARCE
May. 10,325,GECKO
May. 09,324,SHINE
May. 08,323,CANNY
May. 07,322,MIDST
May. 06,321,BADGE
May. 05,320,HOMER
May. 04,319,TRAIN
May. 03,318,HAIRY
May. 02,317,STORY
May. 01,316,FORGO
Apr. 30,315,LARVA
Apr. 29,314,TRASH
Apr. 28,313,ZESTY
Apr. 27,312,SHOWN
Apr. 26,311,HEIST
Apr. 25,310,ASKEW
Apr. 24,309,INERT
Apr. 23,308,OLIVE
Apr. 22,307,PLANT
Apr. 21,306,OXIDE
Apr. 20,305,CARGO
Apr. 19,304,FOYER
Apr. 18,303,FLAIR
Apr. 17,302,AMPLE
Apr. 16,301,CHEEK
Apr. 15,300,SHAME
Apr. 14,299,MINCE
Apr. 13,298,CHUNK
Apr. 12,297,ROYAL
Apr. 11,296,SQUAD
Apr. 10,295,BLACK
Apr. 09,294,STAIR
Apr. 08,293,SCARE
Apr. 07,292,FORAY
Apr. 06,291,COMMA
Apr. 05,290,NATAL
Apr. 04,289,SHAWL
Apr. 03,288,FEWER
Apr. 02,287,TROPE
Apr. 01,286,SNOUT
Mar. 31,285,LOWLY
Mar. 30,284,STOVE
Mar. 29,283,SHALL
Mar. 28,282,FOUND
Mar. 27,281,NYMPH
Mar. 26,280,EPOXY
Mar. 25,279,DEPOT
Mar. 24,278,CHEST
Mar. 23,277,PURGE
Mar. 22,276,SLOSH
Mar. 21,275,THEIR
Mar. 20,274,RENEW
Mar. 19,273,ALLOW
Mar. 18,272,SAUTE
Mar. 17,271,MOVIE
Mar. 16,270,CATER
Mar. 15,269,TEASE
Mar. 14,268,SMELT
Mar. 13,267,FOCUS
Mar. 12,266,TODAY
Mar. 11,265,WATCH
Mar. 10,264,LAPSE
Mar. 09,263,MONTH
Mar. 08,262,SWEET
Mar. 07,261,HOARD
Mar. 06,260,CLOTH
Mar. 05,259,BRINE
Mar. 04,258,AHEAD
Mar. 03,257,MOURN
Mar. 02,256,NASTY
Mar. 01,255,RUPEE
Feb. 28,254,CHOKE
Feb. 27,253,CHANT
Feb. 26,252,SPILL
Feb. 25,251,VIVID
Feb. 24,250,BLOKE
Feb. 23,249,TROVE
Feb. 22,248,THORN
Feb. 21,247,OTHER
Feb. 20,246,TACIT
Feb. 19,245,SWILL
Feb. 18,244,DODGE
Feb. 17,243,SHAKE
Feb. 16,242,CAULK
Feb. 15,241,AROMA
Feb. 14,240,CYNIC
Feb. 13,239,ROBIN
Feb. 12,238,ULTRA
Feb. 11,237,ULCER
Feb. 10,236,PAUSE
Feb. 09,235,HUMOR
Feb. 08,234,FRAME
Feb. 07,233,ELDER
Feb. 06,232,SKILL
Feb. 05,231,ALOFT
Feb. 04,230,PLEAT
Feb. 03,229,SHARD
Feb. 02,228,MOIST
Feb. 01,227,THOSE
Jan. 31,226,LIGHT
Jan. 30,225,WRUNG
Jan. 29,224,COULD
Jan. 28,223,PERKY
Jan. 27,222,MOUNT
Jan. 26,221,WHACK
Jan. 25,220,SUGAR
Jan. 24,219,KNOLL
Jan. 23,218,CRIMP
Jan. 22,217,WINCE
Jan. 21,216,PRICK
Jan. 20,215,ROBOT
Jan. 19,214,POINT
Jan. 18,213,PROXY
Jan. 17,212,SHIRE
Jan. 16,211,SOLAR
Jan. 15,210,PANIC
Jan. 14,209,TANGY
Jan. 13,208,ABBEY
Jan. 12,207,FAVOR
Jan. 11,206,DRINK
Jan. 10,205,QUERY
Jan. 09,204,GORGE
Jan. 08,203,CRANK
Jan. 07,202,SLUMP
Jan. 06,201,BANAL
Jan. 05,200,TIGER
Jan. 04,199,SIEGE
Jan. 03,198,TRUSS
Jan. 02,197,BOOST
Jan. 01,196,REBUS
Dec. 31,195,UNIFY
Dec. 30,194,TROLL
Dec. 29,193,TAPIR
Dec. 28,192,ASIDE
Dec. 27,191,FERRY
Dec. 26,190,ACUTE
Dec. 25,189,PICKY
Dec. 24,188,WEARY
Dec. 23,187,GRIPE
Dec. 22,186,CRAZE
Dec. 21,185,PLUCK
Dec. 20,184,BRAKE
Dec. 19,183,BATON
Dec. 18,182,CHAMP
Dec. 17,181,PEACH
Dec. 16,180,USING
Dec. 15,179,TRACE
Dec. 14,178,VITAL
Dec. 13,177,SONIC
Dec. 12,176,MASSE
Dec. 11,175,CONIC
Dec. 10,174,VIRAL
Dec. 09,173,RHINO
Dec. 08,172,BREAK
Dec. 07,171,TRIAD
Dec. 06,170,EPOCH
Dec. 05,169,USHER
Dec. 04,168,EXULT
Dec. 03,167,GRIME
Dec. 02,166,CHEAT
Dec. 01,165,SOLVE
Nov. 30,164,BRING
Nov. 29,163,PROVE
Nov. 28,162,STORE
Nov. 27,161,TILDE
Nov. 26,160,CLOCK
Nov. 25,159,WROTE
Nov. 24,158,RETCH
Nov. 23,157,PERCH
Nov. 22,156,ROUGE
Nov. 21,155,RADIO
Nov. 20,154,SURER
Nov. 19,153,FINER
Nov. 18,152,VODKA
Nov. 17,151,HERON
Nov. 16,150,CHILL
Nov. 15,149,GAUDY
Nov. 14,148,PITHY
Nov. 13,147,SMART
Nov. 12,146,BADLY
Nov. 11,145,ROGUE
Nov. 10,144,GROUP
Nov. 09,143,FIXER
Nov. 08,142,GROIN
Nov. 07,141,DUCHY
Nov. 06,140,COAST
Nov. 05,139,BLURT
Nov. 04,138,PULPY
Nov. 03,137,ALTAR
Nov. 02,136,GREAT
Nov. 01,135,BRIAR
Oct. 31,134,CLICK
Oct. 30,133,GOUGE
Oct. 29,132,WORLD
Oct. 28,131,ERODE
Oct. 27,130,BOOZY
Oct. 26,129,DOZEN
Oct. 25,128,FLING
Oct. 24,127,GROWL
Oct. 23,126,ABYSS
Oct. 22,125,STEED
Oct. 21,124,ENEMA
Oct. 20,123,JAUNT
Oct. 19,122,COMET
Oct. 18,121,TWEED
Oct. 17,120,PILOT
Oct. 16,119,DUTCH
Oct. 15,118,BELCH
Oct. 14,117,OUGHT
Oct. 13,116,DOWRY
Oct. 12,115,THUMB
Oct. 11,114,HYPER
Oct. 10,113,HATCH
Oct. 09,112,ALONE
Oct. 08,111,MOTOR
Oct. 07,110,ABACK
Oct. 06,109,GUILD
Oct. 05,108,KEBAB
Oct. 04,107,SPEND
Oct. 03,106,FJORD
Oct. 02,105,ESSAY
Oct. 01,104,SPRAY
Sep. 30,103,SPICY
Sep. 29,102,AGATE
Sep. 28,101,SALAD
Sep. 27,100,BASIC
Sep. 26,99,MOULT
Sep. 25,98,CORNY
Sep. 24,97,FORGE
Sep. 23,96,CIVIC
Sep. 22,95,ISLET
Sep. 21,94,LABOR
Sep. 20,93,GAMMA
Sep. 19,92,LYING
Sep. 18,91,AUDIT
Sep. 17,90,ROUND
Sep. 16,89,LOOPY
Sep. 15,88,LUSTY
Sep. 14,87,GOLEM
Sep. 13,86,GONER
Sep. 12,85,GREET
Sep. 11,84,START
Sep. 10,83,LAPEL
Sep. 09,82,BIOME
Sep. 08,81,PARRY
Sep. 07,80,SHRUB
Sep. 06,79,FRONT
Sep. 05,78,WOOER
Sep. 04,77,TOTEM
Sep. 03,76,FLICK
Sep. 02,75,DELTA
Sep. 01,74,BLEED
Aug. 31,73,ARGUE
Aug. 30,72,SWIRL
Aug. 29,71,ERROR
Aug. 28,70,AGREE
Aug. 27,69,OFFAL
Aug. 26,68,FLUME
Aug. 25,67,CRASS
Aug. 24,66,PANEL
Aug. 23,65,STOUT
Aug. 22,64,BRIBE
Aug. 21,63,DRAIN
Aug. 20,62,YEARN
Aug. 19,61,PRINT
Aug. 18,60,SEEDY
Aug. 17,59,IVORY
Aug. 16,58,BELLY
Aug. 15,57,STAND
Aug. 14,56,FIRST
Aug. 13,55,FORTH
Aug. 12,54,BOOBY
Aug. 11,53,FLESH
Aug. 10,52,UNMET
Aug. 09,51,LINEN
Aug. 08,50,MAXIM
Aug. 07,49,POUND
Aug. 06,48,MIMIC
Aug. 05,47,SPIKE
Aug. 04,46,CLUCK
Aug. 03,45,CRATE
Aug. 02,44,DIGIT
Aug. 01,43,REPAY
Jul. 31,42,SOWER
Jul. 30,41,CRAZY
Jul. 29,40,ADOBE
Jul. 28,39,OUTDO
Jul. 27,38,TRAWL
Jul. 26,37,WHELP
Jul. 25,36,UNFED
Jul. 24,35,PAPER
Jul. 23,34,STAFF
Jul. 22,33,CROAK
Jul. 21,32,HELIX
Jul. 20,31,FLOSS
Jul. 19,30,PRIDE
Jul. 18,29,BATTY
Jul. 17,28,REACT
Jul. 16,27,MARRY
Jul. 15,26,ABASE
Jul. 14,25,COLON
Jul. 13,24,STOOL
Jul. 12,23,CRUST
Jul. 11,22,FRESH
Jul. 10,21,DEATH
Jul. 09,20,MAJOR
Jul. 08,19,FEIGN
Jul. 07,18,ABATE
Jul. 06,17,BENCH
Jul. 05,16,QUIET
Jul. 04,15,GRADE
Jul. 03,14,STINK
Jul. 02,13,KARMA
Jul. 01,12,MODEL
Jun. 30,11,DWARF
Jun. 29,10,HEATH
Jun. 28,9,SERVE
Jun. 27,8,NAVAL
Jun. 26,7,EVADE
Jun. 25,6,FOCAL
Jun. 24,5,BLUSH
Jun. 23,4,AWAKE
Jun. 22,3,HUMPH
Jun. 21,2,SISSY
Jun. 20,1,REBUT
Jun. 19,0,CIGAR
